feature,score
Lambs,0.2044306031254987
PopTot,0.1395980674129957
Ewes,0.13550793540547876
PopAdults,0.13323734777382165
Area,0.10596139930757381
Rams,0.10493355910086623
Perimeter,0.08718082943451147
Translocation,0.020995612636082166
TypeVac,0.0196937498494205
TypeBoth,0.013997485183393438
T,0.01262382139781633
TypeSupp,0.0113565300418094
NonResident,0.00988807056611955
RT,0.0005949887646123897
